DepMap ID,Trastuzumab,ERBB2 log2(TPM+1) Expression Public 23Q2,Cell Line Name,Primary Disease,Lineage
ACH-000956,0.9010739,4.694880193,22RV1,Prostate Adenocarcinoma,Prostate
ACH-000948,0.8104902,5.743353391,2313287,Esophagogastric Adenocarcinoma,Esophagus/Stomach
ACH-000011,0.95040244,4.154615611,253J,Bladder Urothelial Carcinoma,Bladder/Urinary Tract
ACH-000026,0.99744356,4.508428653,253JBV,Bladder Urothelial Carcinoma,Bladder/Urinary Tract
ACH-000323,0.9172961,4.034743949,42MGBA,Diffuse Glioma,CNS/Brain
ACH-000905,0.81444925,5.435628594,5637,Bladder Urothelial Carcinoma,Bladder/Urinary Tract
ACH-000973,0.90471655,5.436628267,639V,Urethral Cancer,Bladder/Urinary Tract
ACH-000896,0.99000204,5.857980995,647V,Bladder Urothelial Carcinoma,Bladder/Urinary Tract
ACH-000411,1,3.716990894,769P,Renal Cell Carcinoma,Kidney
ACH-000649,0.99114126,3.689299161,786O,Renal Cell Carcinoma,Kidney
ACH-001306,1,4.053980168,8305C,Anaplastic Thyroid Cancer,Thyroid
ACH-001307,1,5.030777472,8505C,Anaplastic Thyroid Cancer,Thyroid
ACH-000137,1,4.475733431,8MGBA,Diffuse Glioma,CNS/Brain
ACH-000008,0.9938996,4.154615611,A101D,Melanoma,Skin
ACH-000558,1,5.338780944,A172,Diffuse Glioma,CNS/Brain
ACH-000788,0.94222456,4.753818443,A2058,Melanoma,Skin
ACH-000657,0.9405668,5.358607249,A2780,Ovarian Epithelial Tumor,Ovary/Fallopian Tube
ACH-000219,0.9770875,4.505255801,A375,Melanoma,Skin
ACH-000681,0.9899992,4.207111961,A549,Non-Small Cell Lung Cancer,Lung
ACH-000052,1,3.961623328,A673,Ewing Sarcoma,Bone
ACH-000429,0.87998915,3.232660757,A704,Renal Cell Carcinoma,Kidney
ACH-000528,0.9930506,5.944624223,ABC1,Non-Small Cell Lung Cancer,Lung
ACH-000086,1,3.201633861,ACCMESO1,Pleural Mesothelioma,Pleura
ACH-000046,1,5.019701914,ACHN,Renal Cell Carcinoma,Kidney
ACH-000880,0.9136052,6.224773478,AGS,Esophagogastric Adenocarcinoma,Esophagus/Stomach
ACH-000940,1,5.204375511,AN3CA,Endometrial Carcinoma,Uterus
ACH-000222,0.9348432,5.581953751,ASPC1,Pancreatic Adenocarcinoma,Pancreas
ACH-000593,0.9654871,4.699884729,BC3C,Bladder Urothelial Carcinoma,Bladder/Urinary Tract
ACH-000456,1,4.938756261,BCPAP,Poorly Differentiated Thyroid Cancer,Thyroid
ACH-001016,1,2.922197848,BECKER,Diffuse Glioma,CNS/Brain
ACH-000603,1,2.61117238,BEN,Non-Small Cell Lung Cancer,Lung
ACH-000802,1,4.842476063,BFTC905,Bladder Urothelial Carcinoma,Bladder/Urinary Tract
ACH-000792,0.99693096,2.914564523,BFTC909,Renal Cell Carcinoma,Kidney
ACH-000191,1,1.316145742,BHT101,Anaplastic Thyroid Cancer,Thyroid
ACH-000503,0.9272016,5.708463165,BICR16,Head and Neck Squamous Cell Carcinoma,Head and Neck
ACH-000228,1,7.194658374,BICR31,Head and Neck Squamous Cell Carcinoma,Head and Neck
ACH-000771,0.89173245,4.430954271,BICR56,Head and Neck Squamous Cell Carcinoma,Head and Neck
ACH-000415,1,4.267535798,BICR6,Head and Neck Squamous Cell Carcinoma,Head and Neck
ACH-000927,0.8832023,10.52258153,BT474,Invasive Breast Carcinoma,Breast
ACH-000288,0.93596846,4.132576843,BT549,Invasive Breast Carcinoma,Breast
ACH-000535,0.9331688,5.025471815,BXPC3,Pancreatic Adenocarcinoma,Pancreas
ACH-000210,0.91653574,3.032100843,CADOES1,Ewing Sarcoma,Bone
ACH-000433,0.9243961,4.09423607,CAKI1,Renal Cell Carcinoma,Kidney
ACH-000212,0.91875094,4.581351247,CAL120,Invasive Breast Carcinoma,Breast
ACH-000826,1,5.407012774,CAL12T,Non-Small Cell Lung Cancer,Lung
ACH-000832,1,4.667892125,CAL27,Head and Neck Squamous Cell Carcinoma,Head and Neck
ACH-000142,0.94509304,5.789729251,CAL29,Bladder Urothelial Carcinoma,Bladder/Urinary Tract
ACH-000856,1,6.332886917,CAL51,Invasive Breast Carcinoma,Breast
ACH-000457,0.95800316,5.541328977,CAL54,Renal Cell Carcinoma,Kidney
ACH-000174,1,5.170726276,CAL62,Anaplastic Thyroid Cancer,Thyroid
ACH-000516,1,3.821710215,CAL78,Chondrosarcoma,Bone
ACH-000511,0.9465233,4.860962798,CALU1,Non-Small Cell Lung Cancer,Lung
ACH-000264,1,3.061776198,CALU6,Non-Small Cell Lung Cancer,Lung
ACH-000783,1,6.182890893,CAMA1,Invasive Breast Carcinoma,Breast
ACH-000713,0.98067194,4.639232163,CAOV3,Ovarian Epithelial Tumor,Ovary/Fallopian Tube
ACH-000107,0.76201713,6.218781168,CAPAN2,Pancreatic Adenocarcinoma,Pancreas
ACH-000329,0.98593855,2.523561956,CCFSTTG1,Diffuse Glioma,CNS/Brain
ACH-000138,0.9047523,5.732540561,CFPAC1,Pancreatic Adenocarcinoma,Pancreas
ACH-000458,0.91680086,4.791814071,CJM,Melanoma,Skin
ACH-000895,0.8724995,6.333602628,CL34,Colorectal Adenocarcinoma,Bowel
ACH-000803,0.87535864,3.264536431,COLO668,Lung Neuroendocrine Tumor,Lung
ACH-000805,0.976804,2.50589093,COLO679,Melanoma,Skin
ACH-000717,0.95732147,6.3675458,COLO680N,Esophageal Squamous Cell Carcinoma,Esophagus/Stomach
ACH-000582,0.9305383,4.481557281,COLO741,Melanoma,Skin
ACH-000812,0.98148674,4.086613947,COLO783,Melanoma,Skin
ACH-000968,1,5.27686883,COLO792,Melanoma,Skin
ACH-000401,0.97684866,5.00270252,COLO800,Melanoma,Skin
ACH-000161,0.94558716,4.95930649,CORL105,Non-Small Cell Lung Cancer,Lung
ACH-000662,1,4.932155684,CORL23,Non-Small Cell Lung Cancer,Lung
ACH-000278,1,4.016139703,COV362,Ovarian Epithelial Tumor,Ovary/Fallopian Tube
ACH-000123,1,4.762348816,COV434,Ovarian Epithelial Tumor,Ovary/Fallopian Tube
ACH-000243,0.971952,4.963011648,DANG,Pancreatic Adenocarcinoma,Pancreas
ACH-000211,1,3.503348735,DAOY,Embryonal Tumor,CNS/Brain
ACH-000863,1,4.77925972,DBTRG05MG,Diffuse Glioma,CNS/Brain
ACH-000207,1,4.238022518,DETROIT562,Head and Neck Squamous Cell Carcinoma,Head and Neck
ACH-000244,0.92806697,5.385085854,DKMG,Diffuse Glioma,CNS/Brain
ACH-000749,0.99,1.811471031,DMS273,Lung Neuroendocrine Tumor,Lung
ACH-000925,0.8450978,5.230741003,DV90,Non-Small Cell Lung Cancer,Lung
ACH-000563,0.9415013,5.187451054,EBC1,Non-Small Cell Lung Cancer,Lung
ACH-000305,1,6.183288001,ECGI10,Esophageal Squamous Cell Carcinoma,Esophagus/Stomach
ACH-000117,1,11.44024629,EFM192A,Invasive Breast Carcinoma,Breast
ACH-000308,1,4.828834649,EFO21,Ovarian Epithelial Tumor,Ovary/Fallopian Tube
ACH-000936,0.9339025,5.276496666,EFO27,Ovarian Epithelial Tumor,Ovary/Fallopian Tube
ACH-000978,0.99510485,6.116031993,EN,Endometrial Carcinoma,Uterus
ACH-000906,0.9502348,1.618238656,ES2,Ovarian Epithelial Tumor,Ovary/Fallopian Tube
ACH-000913,0.8448846,4.900625333,ESS1,Uterine Sarcoma/Mesenchymal,Uterus
ACH-000279,0.91799885,3.885574364,EWS502,Ewing Sarcoma,Bone
ACH-000846,1,5.758089934,FADU,Head and Neck Squamous Cell Carcinoma,Head and Neck
ACH-000903,1,5.431957188,FTC133,Well-Differentiated Thyroid Cancer,Thyroid
ACH-000897,1,4.51412226,FTC238,Well-Differentiated Thyroid Cancer,Thyroid
ACH-000082,1,4.209453366,G292CLONEA141B1,Osteosarcoma,Bone
ACH-000572,0.9543374,4.675251386,G361,Melanoma,Skin
ACH-000096,1,4.944858446,G401,Rhabdoid Cancer,Kidney
ACH-000375,1,5.622051819,G402,Renal Cell Carcinoma,Kidney
ACH-000098,0.9996054,4.034743949,GAMG,Diffuse Glioma,CNS/Brain
ACH-000738,0.95700544,4.700994494,GB1,Diffuse Glioma,CNS/Brain
ACH-000835,0.9917839,3.263034406,GCT,Undifferentiated Pleomorphic Sarcoma/Malignant Fibrous Histiocytoma/High-Grade Spindle Cell Sarcoma,Soft Tissue
ACH-000756,1,4.855989697,GI1,Diffuse Glioma,CNS/Brain
ACH-000027,0.9663854,5.565597176,GOS3,Diffuse Glioma,CNS/Brain
ACH-000982,0.9926603,6.768184325,GP2D,Colorectal Adenocarcinoma,Bowel
ACH-000389,1,4.63691458,H4,Diffuse Glioma,CNS/Brain
ACH-001310,0.87354606,5.43162296,HA1E,Non-Cancerous,Kidney
ACH-000843,0.94921994,4.867402306,HARA,Non-Small Cell Lung Cancer,Lung
ACH-000374,1,5.087887101,HCC1143,Invasive Breast Carcinoma,Breast
ACH-000868,0.9028658,7.235918488,HCC1195,Non-Small Cell Lung Cancer,Lung
ACH-000901,1,4.165911939,HCC1359,Non-Small Cell Lung Cancer,Lung
ACH-000277,0.9838598,11.60987129,HCC1419,Invasive Breast Carcinoma,Breast
ACH-000352,0.8185632,5.385085854,HCC1428,Invasive Breast Carcinoma,Breast
ACH-000891,0.97474474,5.54225805,HCC1438,Non-Small Cell Lung Cancer,Lung
ACH-000878,1,3.924099886,HCC15,Non-Small Cell Lung Cancer,Lung
ACH-000624,1,5.000901403,HCC1806,Breast Ductal Carcinoma In Situ,Breast
ACH-000223,1,5.645298164,HCC1937,Invasive Breast Carcinoma,Breast
ACH-000276,0.7934476,7.12763328,HCC38,Invasive Breast Carcinoma,Breast
ACH-000066,0.97932893,5.682011391,HCC4006,Non-Small Cell Lung Cancer,Lung
ACH-000667,1,2.3305584,HCC44,Non-Small Cell Lung Cancer,Lung
ACH-000872,0.94759446,5.068670811,HCC515,Non-Small Cell Lung Cancer,Lung
ACH-000467,0.975107,5.319401167,HCC56,Colorectal Adenocarcinoma,Bowel
ACH-000562,1,5.9502351,HCC78,Non-Small Cell Lung Cancer,Lung
ACH-000012,1,5.054848477,HCC827,Non-Small Cell Lung Cancer,Lung
ACH-000454,0.9996357,5.395748328,HCC95,Non-Small Cell Lung Cancer,Lung
ACH-000971,0.94167346,4.757023247,HCT116,Colorectal Adenocarcinoma,Bowel
ACH-000997,0.88405687,5.967168608,HCT15,Colorectal Adenocarcinoma,Bowel
ACH-000643,0.9817235,5.47118746,HDQP1,Invasive Breast Carcinoma,Breast
ACH-000990,1,6.347488497,HEC108,Endometrial Carcinoma,Uterus
ACH-000972,0.85610884,4.650764559,HEC151,Endometrial Carcinoma,Uterus
ACH-000954,0.84524095,6.374517881,HEC1A,Endometrial Carcinoma,Uterus
ACH-000941,1,6.462379572,HEC1B,Endometrial Carcinoma,Uterus
ACH-000996,0.7564856,5.889716892,HEC251,Endometrial Carcinoma,Uterus
ACH-000946,1,5.344118335,HEC265,Endometrial Carcinoma,Uterus
ACH-000994,1,5.714245518,HEC59,Endometrial Carcinoma,Uterus
ACH-000984,0.9973375,5.64587455,HEC6,Endometrial Carcinoma,Uterus
ACH-000625,0.99364823,5.145269857,HEP3B217,Hepatocellular Carcinoma,Liver
ACH-000542,1,3.588564737,HEYA8,Ovarian Epithelial Tumor,Ovary/Fallopian Tube
ACH-000847,1,5.01658546,HGC27,Esophagogastric Adenocarcinoma,Esophagus/Stomach
ACH-000393,0.99550325,4.534808661,HLF,Hepatocellular Carcinoma,Liver
ACH-000721,0.96190923,3.714795011,HMC18,Invasive Breast Carcinoma,Breast
ACH-000613,0.99000067,4.344828497,HOS,Osteosarcoma,Bone
ACH-000270,0.926245,5.787902559,HPAC,Pancreatic Adenocarcinoma,Pancreas
ACH-000014,1,5.414135533,HS294T,Melanoma,Skin
ACH-000133,1,5.002252452,HS729,Rhabdomyosarcoma,Soft Tissue
ACH-000178,0.92958343,4.201633861,HS766T,Pancreatic Adenocarcinoma,Pancreas
ACH-000814,0.98557574,4.659924558,HS939T,Melanoma,Skin
ACH-000632,0.94985497,4.088311236,HS944T,Melanoma,Skin
ACH-000472,1,3.800123353,HSC2,Head and Neck Squamous Cell Carcinoma,Head and Neck
ACH-000778,1,4,HSC3,Head and Neck Squamous Cell Carcinoma,Head and Neck
ACH-000054,0.9052952,4.250961574,HT1080,Fibrosarcoma,Soft Tissue
ACH-000724,0.9985585,5.349082146,HT1376,Bladder Urothelial Carcinoma,Bladder/Urinary Tract
ACH-000322,0.92005235,4.727920455,HT144,Melanoma,Skin
ACH-000552,0.7723685,5.861211003,HT29,Colorectal Adenocarcinoma,Bowel
ACH-000926,0.91062284,5.564073256,HT55,Colorectal Adenocarcinoma,Bowel
ACH-000976,0.97474766,3.016139703,HUCCT1,Intraductal Papillary Neoplasm of the Bile Duct,Biliary Tract
ACH-000808,0.9063843,4.631686366,HUH28,Intraductal Papillary Neoplasm of the Bile Duct,Biliary Tract
ACH-000671,0.9467523,4.509695842,HUH6,Hepatoblastoma,Liver
ACH-000480,0.7859819,4.828326926,HUH7,Hepatocellular Carcinoma,Liver
ACH-000118,0.9012853,5.305970521,HUPT3,Pancreatic Adenocarcinoma,Pancreas
ACH-000672,1,5.790511412,IALM,Non-Small Cell Lung Cancer,Lung
ACH-000882,1,4.265286858,IGR1,Melanoma,Skin
ACH-000650,1,4.139142019,IGR37,Melanoma,Skin
ACH-000966,0.9928604,6.083638879,IGROV1,Ovarian Epithelial Tumor,Ovary/Fallopian Tube
ACH-000919,0.93688405,6.182890893,IM95,Esophagogastric Adenocarcinoma,Esophagus/Stomach
ACH-000915,1,3.580145484,IPC298,Melanoma,Skin
ACH-000961,0.87409693,6.147917191,ISHIKAWAHERAKLIO02ER,Endometrial Carcinoma,Uterus
ACH-000569,1,4.60940039,ISTMES1,Pleural Mesothelioma,Pleura
ACH-000331,1,4.455491621,ISTMES2,Pleural Mesothelioma,Pleura
ACH-000396,0.99752164,4.553974808,J82,Bladder Urothelial Carcinoma,Bladder/Urinary Tract
ACH-000620,0.8783725,6.116239979,JHH1,Hepatocellular Carcinoma,Liver
ACH-000476,0.9422912,5.744161096,JHH4,Hepatocellular Carcinoma,Liver
ACH-000734,0.8516461,4.777156666,JHH5,Hepatocellular Carcinoma,Liver
ACH-000217,0.9806415,3.956985925,JHH6,Hepatocellular Carcinoma,Liver
ACH-000848,0.8973097,6.265099288,JHH7,Hepatocellular Carcinoma,Liver
ACH-000324,0.93163925,6.219942914,JHOC5,Ovarian Epithelial Tumor,Ovary/Fallopian Tube
ACH-000237,0.9257563,5.464994927,JHOM1,Ovarian Epithelial Tumor,Ovary/Fallopian Tube
ACH-000132,1,4.744161096,JHOS2,Ovarian Epithelial Tumor,Ovary/Fallopian Tube
ACH-000711,1,8.457134594,JIMT1,Invasive Breast Carcinoma,Breast
ACH-000753,0.9679012,4.649040566,JMSU1,Bladder Urothelial Carcinoma,Bladder/Urinary Tract
ACH-000404,1,4.137503524,K029AX,Melanoma,Skin
ACH-000231,1,4.117695043,KALS1,Diffuse Glioma,CNS/Brain
ACH-000259,0.9216922,0.82374936,KELLY,Neuroblastoma,Peripheral Nervous System
ACH-000862,0.99096495,6.660922914,KMBC2,Bladder Urothelial Carcinoma,Bladder/Urinary Tract
ACH-000684,1,2.952333566,KMRC1,Renal Cell Carcinoma,Kidney
ACH-000250,1,4.942983598,KMRC20,Renal Cell Carcinoma,Kidney
ACH-000313,0.95781857,5.517275693,KMRC3,Renal Cell Carcinoma,Kidney
ACH-000622,1,5.132576843,KNS42,Diffuse Glioma,CNS/Brain
ACH-000445,0.9337846,4.475084883,KNS60,Diffuse Glioma,CNS/Brain
ACH-000858,0.9943978,4.04701482,KNS62,Non-Small Cell Lung Cancer,Lung
ACH-000479,1,4.752748591,KNS81,Diffuse Glioma,CNS/Brain
ACH-000281,0.7952303,5.557042415,KP2,Pancreatic Adenocarcinoma,Pancreas
ACH-000108,0.97840184,4.586764743,KP3,Adenosquamous Carcinoma of the Pancreas,Pancreas
ACH-000265,1,5.635754391,KP4,Pancreatic Adenocarcinoma,Pancreas
ACH-000486,1,4.863442934,KU1919,Bladder Urothelial Carcinoma,Bladder/Urinary Tract
ACH-000524,0.9247331,5.775840699,KURAMOCHI,Ovarian Epithelial Tumor,Ovary/Fallopian Tube
ACH-000823,0.99653184,4.686500527,KYSE140,Esophageal Squamous Cell Carcinoma,Esophagus/Stomach
ACH-000855,1,4.974529312,KYSE150,Esophageal Squamous Cell Carcinoma,Esophagus/Stomach
ACH-000693,1,4.485426827,KYSE180,Esophageal Squamous Cell Carcinoma,Esophagus/Stomach
ACH-000873,1,4.895787316,KYSE270,Esophageal Squamous Cell Carcinoma,Esophagus/Stomach
ACH-000777,0.98769593,6.304145941,KYSE30,Esophageal Squamous Cell Carcinoma,Esophagus/Stomach
ACH-000809,0.981069,10.37558251,KYSE410,Esophageal Squamous Cell Carcinoma,Esophagus/Stomach
ACH-000824,0.9899999,5.098453246,KYSE510,Esophageal Squamous Cell Carcinoma,Esophagus/Stomach
ACH-000637,1,4.607626221,KYSE520,Esophageal Squamous Cell Carcinoma,Esophagus/Stomach
ACH-000784,1,3.986410935,KYSE70,Esophageal Squamous Cell Carcinoma,Esophagus/Stomach
ACH-000685,0.8440994,4.84899843,L33,Adenosquamous Carcinoma of the Pancreas,Pancreas
ACH-001113,0.96565783,3.386810946,LC1SQSF,Non-Small Cell Lung Cancer,Lung
ACH-000627,1,4.866413481,LCLC103H,Non-Small Cell Lung Cancer,Lung
ACH-000471,0.9887553,5.736063628,LI7,Hepatocellular Carcinoma,Liver
ACH-000769,0.9257012,3.360364277,LK2,Non-Small Cell Lung Cancer,Lung
ACH-000255,1,4.118525849,LMSU,Esophagogastric Adenocarcinoma,Esophagus/Stomach
ACH-000819,0.99855375,4,LN18,Diffuse Glioma,CNS/Brain
ACH-000595,1,5.550285049,LN229,Diffuse Glioma,CNS/Brain
ACH-000977,0.94392884,6.544578117,LNCAPCLONEFGC,Prostate Adenocarcinoma,Prostate
ACH-000176,0.7986592,5.49441561,LOUNH91,Non-Small Cell Lung Cancer,Lung
ACH-000950,0.77817005,5.568032105,LOVO,Colorectal Adenocarcinoma,Bowel
ACH-000750,0.9592145,0.454175893,LOXIMVI,Melanoma,Skin
ACH-000252,1,5.358958826,LS1034,Colorectal Adenocarcinoma,Bowel
ACH-000957,0.96468216,6.250014115,LS180,Colorectal Adenocarcinoma,Bowel
ACH-000985,0.95538163,5.256255873,LS411N,Colorectal Adenocarcinoma,Bowel
ACH-000007,0.81217796,6.112074551,LS513,Colorectal Adenocarcinoma,Bowel
ACH-000444,0.96413565,4.763411574,LU99,Non-Small Cell Lung Cancer,Lung
ACH-000390,0.95091647,5.079804755,LUDLU1,Non-Small Cell Lung Cancer,Lung
ACH-000787,1,4.796493929,LXF289,Non-Small Cell Lung Cancer,Lung
ACH-000477,1,4.789207575,MALME3M,Melanoma,Skin
ACH-000796,0.9535645,4.495055528,MCAS,Ovarian Epithelial Tumor,Ovary/Fallopian Tube
ACH-000019,1,5.506843099,MCF7,Invasive Breast Carcinoma,Breast
ACH-000759,0.58789665,7.51696066,MDAMB175VII,Invasive Breast Carcinoma,Breast
ACH-000768,1,4.658211483,MDAMB231,Invasive Breast Carcinoma,Breast
ACH-000884,0.9825306,3.50589093,MDAMB435S,Melanoma,Skin
ACH-000573,0.97630286,3.959770155,MDAMB436,Invasive Breast Carcinoma,Breast
ACH-000849,1,4.552745937,MDAMB468,Invasive Breast Carcinoma,Breast
ACH-000450,0.96143824,3.040892431,MELHO,Melanoma,Skin
ACH-000881,0.99457127,3.871843649,MELJUSO,Melanoma,Skin
ACH-000449,1,5.430619811,MESSA,Uterine Sarcoma/Mesenchymal,Uterus
ACH-000987,0.8830562,4.744161096,MEWO,Melanoma,Skin
ACH-000192,0.8569183,7.787510824,MFE280,Endometrial Carcinoma,Uterus
ACH-000879,0.9805385,6.227471546,MFE296,Endometrial Carcinoma,Uterus
ACH-000988,0.90789336,6.077456652,MFE319,Endometrial Carcinoma,Uterus
ACH-000359,0.9117449,4.674121633,MG63,Osteosarcoma,Bone
ACH-000391,1,3.982765463,MHHES1,Ewing Sarcoma,Bone
ACH-000601,0.9808322,4.951867504,MIAPACA2,Pancreatic Adenocarcinoma,Pancreas
ACH-000351,0.95541334,5.334496768,MKN1,Esophagogastric Adenocarcinoma,Esophagus/Stomach
ACH-000356,1,5.562242424,MKN45,Esophagogastric Adenocarcinoma,Esophagus/Stomach
ACH-000678,0.9285069,10.83786442,MKN7,Esophagogastric Adenocarcinoma,Esophagus/Stomach
ACH-000758,0.9177485,5.449891473,MKN74,Esophagogastric Adenocarcinoma,Esophagus/Stomach
ACH-001128,0.86810476,5.382667253,MON,Embryonal Tumor,CNS/Brain
ACH-000319,0.8916519,4.349082146,MPP89,Pleural Mesothelioma,Pleura
ACH-000335,1,4.312519967,MSTO211H,Pleural Mesothelioma,Pleura
ACH-000804,1,3.709290636,NB1,Neuroblastoma,Peripheral Nervous System
ACH-000866,0.8398163,4.438292852,NCIH1048,Lung Neuroendocrine Tumor,Lung
ACH-000510,1,3.689299161,NCIH1299,Non-Small Cell Lung Cancer,Lung
ACH-000666,0.9488226,5.632268215,NCIH1355,Non-Small Cell Lung Cancer,Lung
ACH-000845,1,5.239550797,NCIH1373,Non-Small Cell Lung Cancer,Lung
ACH-000852,1,6.025028794,NCIH1435,Non-Small Cell Lung Cancer,Lung
ACH-000589,1,5.415150205,NCIH1437,Non-Small Cell Lung Cancer,Lung
ACH-000892,0.98350596,6.837438715,NCIH1563,Non-Small Cell Lung Cancer,Lung
ACH-000869,1,5.449891473,NCIH1568,Non-Small Cell Lung Cancer,Lung
ACH-000916,1,6.56422572,NCIH1573,Non-Small Cell Lung Cancer,Lung
ACH-000015,0.9029485,4.770829046,NCIH1581,Non-Small Cell Lung Cancer,Lung
ACH-000744,0.99009657,6.394033895,NCIH1623,Non-Small Cell Lung Cancer,Lung
ACH-000766,0.9369006,5.459103696,NCIH1648,Non-Small Cell Lung Cancer,Lung
ACH-000035,0.98616797,6.324450605,NCIH1650,Non-Small Cell Lung Cancer,Lung
ACH-000893,1,5.043081982,NCIH1651,Non-Small Cell Lung Cancer,Lung
ACH-000021,0.96998394,5.891419187,NCIH1693,Non-Small Cell Lung Cancer,Lung
ACH-000747,0.99737126,5.226123143,NCIH1703,Non-Small Cell Lung Cancer,Lung
ACH-000496,1,4.595742339,NCIH1792,Non-Small Cell Lung Cancer,Lung
ACH-000888,0.9987082,4.383358695,NCIH1793,Non-Small Cell Lung Cancer,Lung
ACH-000733,1,5.599020177,NCIH1838,Non-Small Cell Lung Cancer,Lung
ACH-000434,1,2.419538892,NCIH1915,Non-Small Cell Lung Cancer,Lung
ACH-000414,0.90665835,3.820689561,NCIH1944,Non-Small Cell Lung Cancer,Lung
ACH-000587,0.9924816,5.254367281,NCIH1975,Non-Small Cell Lung Cancer,Lung
ACH-000886,0.98736984,6.22650853,NCIH2009,Non-Small Cell Lung Cancer,Lung
ACH-000781,0.86448455,4.767654798,NCIH2023,Non-Small Cell Lung Cancer,Lung
ACH-000521,0.770798,5.244506551,NCIH2030,Non-Small Cell Lung Cancer,Lung
ACH-000153,0.98999965,4.92314918,NCIH2052,Pleural Mesothelioma,Pleura
ACH-000841,1,5.418189948,NCIH2087,Non-Small Cell Lung Cancer,Lung
ACH-000929,0.96053076,6.423578171,NCIH2110,Non-Small Cell Lung Cancer,Lung
ACH-000311,1,5.141187525,NCIH2122,Non-Small Cell Lung Cancer,Lung
ACH-000785,1,7.163800604,NCIH2126,Non-Small Cell Lung Cancer,Lung
ACH-000481,0.9397248,11.20695329,NCIH2170,Non-Small Cell Lung Cancer,Lung
ACH-000924,0.99828845,4.488000771,NCIH2172,Non-Small Cell Lung Cancer,Lung
ACH-000447,0.98928946,4.351910961,NCIH2228,Non-Small Cell Lung Cancer,Lung
ACH-000367,0.94908553,4.193771743,NCIH226,Pleural Mesothelioma,Pleura
ACH-000900,1,3.240314329,NCIH23,Non-Small Cell Lung Cancer,Lung
ACH-000875,0.7358821,5.773468928,NCIH2347,Non-Small Cell Lung Cancer,Lung
ACH-000186,1,4.492494152,NCIH2444,Non-Small Cell Lung Cancer,Lung
ACH-000092,1,3.944858446,NCIH2452,Pleural Mesothelioma,Pleura
ACH-000648,1,4.382667253,NCIH28,Pleural Mesothelioma,Pleura
ACH-001075,0.9934406,5.442280035,NCIH292,Non-Small Cell Lung Cancer,Lung
ACH-000837,0.9005422,5.314333994,NCIH322,Non-Small Cell Lung Cancer,Lung
ACH-000860,0.79936,5.270902649,NCIH358,Non-Small Cell Lung Cancer,Lung
ACH-000800,1,2.03562391,NCIH446,Lung Neuroendocrine Tumor,Lung
ACH-000463,0.9839059,3.897240426,NCIH460,Non-Small Cell Lung Cancer,Lung
ACH-000395,1,2.220329955,NCIH520,Non-Small Cell Lung Cancer,Lung
ACH-000343,0.91567063,7.244125943,NCIH522,Non-Small Cell Lung Cancer,Lung
ACH-000628,1,4.401220862,NCIH596,Non-Small Cell Lung Cancer,Lung
ACH-000945,1,4.451540833,NCIH650,Non-Small Cell Lung Cancer,Lung
ACH-000853,0.8326233,6.084064265,NCIH661,Non-Small Cell Lung Cancer,Lung
ACH-000775,0.8827064,3.553360503,NCIH727,Lung Neuroendocrine Tumor,Lung
ACH-000403,0.8650253,6.067165427,NCIH747,Colorectal Adenocarcinoma,Bowel
ACH-000416,0.9307922,4.655351829,NCIH838,Non-Small Cell Lung Cancer,Lung
ACH-000292,0.92981154,5.936873462,NCIH841,Lung Neuroendocrine Tumor,Lung
ACH-000427,0.80701303,11.76063679,NCIN87,Esophagogastric Adenocarcinoma,Esophagus/Stomach
ACH-000911,0.96465397,3.963474124,NUGC3,Esophagogastric Adenocarcinoma,Esophagus/Stomach
ACH-000674,1,7.030004945,NUGC4,Esophagogastric Adenocarcinoma,Esophagus/Stomach
ACH-000704,1,5.722192761,OAW42,Ovarian Epithelial Tumor,Ovary/Fallopian Tube
ACH-000962,0.99000037,4.298658316,OC314,Ovarian Epithelial Tumor,Ovary/Fallopian Tube
ACH-001145,0.9795751,4.612352499,OC316,Ovarian Epithelial Tumor,Ovary/Fallopian Tube
ACH-000679,0.93974286,12.04613496,OE19,Esophageal Squamous Cell Carcinoma,Esophagus/Stomach
ACH-000544,1,2.689299161,OE21,Esophageal Squamous Cell Carcinoma,Esophagus/Stomach
ACH-000383,0.95306915,8.840400288,OE33,Esophagogastric Adenocarcinoma,Esophagus/Stomach
ACH-000013,1,4.849498932,ONCODG1,Ovarian Epithelial Tumor,Ovary/Fallopian Tube
ACH-000776,1,2.482848283,ONS76,Embryonal Tumor,CNS/Brain
ACH-000159,1,4.929790998,OSRC2,Renal Cell Carcinoma,Kidney
ACH-000296,0.886701,5.380590934,OUMS23,Colorectal Adenocarcinoma,Bowel
ACH-000091,0.966545,3.784503983,OV56,Ovarian Epithelial Tumor,Ovary/Fallopian Tube
ACH-000688,1,1.207892852,OV7,Ovarian Epithelial Tumor,Ovary/Fallopian Tube
ACH-000696,0.9857691,4.915042791,OVCAR8,Ovarian Epithelial Tumor,Ovary/Fallopian Tube
ACH-000527,0.93333566,6.598871346,OVISE,Ovarian Epithelial Tumor,Ovary/Fallopian Tube
ACH-000947,0.9600768,5.796234335,OVK18,Ovarian Epithelial Tumor,Ovary/Fallopian Tube
ACH-000663,1,4.391630262,OVTOKO,Ovarian Epithelial Tumor,Ovary/Fallopian Tube
ACH-000042,0.8561671,5.359310317,PANC0203,Pancreatic Adenocarcinoma,Pancreas
ACH-000139,0.76548785,4.891419187,PANC0327,Pancreatic Adenocarcinoma,Pancreas
ACH-000235,0.9200467,4.798569004,PANC0403,Pancreatic Adenocarcinoma,Pancreas
ACH-000417,0.94362617,6.194559886,PANC0813,Pancreatic Adenocarcinoma,Pancreas
ACH-000164,1,4.276496666,PANC1,Pancreatic Adenocarcinoma,Pancreas
ACH-000060,0.9594922,6.129695157,PANC1005,Pancreatic Adenocarcinoma,Pancreas
ACH-000599,0.9768831,5.318316841,PATU8902,Pancreatic Adenocarcinoma,Pancreas
ACH-000022,0.77422804,5.092968509,PATU8988S,Pancreatic Adenocarcinoma,Pancreas
ACH-000023,0.9900002,4.673556424,PATU8988T,Pancreatic Adenocarcinoma,Pancreas
ACH-000030,0.98186487,5.004501392,PC14,Non-Small Cell Lung Cancer,Lung
ACH-000090,0.9747961,4.110196178,PC3,Prostate Adenocarcinoma,Prostate
ACH-000619,1,5.199279721,PECAPJ15,Head and Neck Squamous Cell Carcinoma,Head and Neck
ACH-000732,1,4.35614381,PECAPJ41CLONED2,Head and Neck Squamous Cell Carcinoma,Head and Neck
ACH-000735,0.99941915,5.119771162,PECAPJ49,Head and Neck Squamous Cell Carcinoma,Head and Neck
ACH-000307,0.91732407,5.995710629,PK1,Pancreatic Adenocarcinoma,Pancreas
ACH-000468,0.9556097,4.147306699,PK45H,Pancreatic Adenocarcinoma,Pancreas
ACH-000205,1,5.176721693,PK59,Pancreatic Adenocarcinoma,Pancreas
ACH-001318,0.9477467,5.429281193,PLCPRF5,Hepatocellular Carcinoma,Liver
ACH-000320,0.97993064,3.94673086,PSN1,Pancreatic Adenocarcinoma,Pancreas
ACH-000347,1,2.153805336,QGP1,Pancreatic Neuroendocrine Tumor,Pancreas
ACH-000189,0.9884502,5.100136671,RCC10RGB,Renal Cell Carcinoma,Kidney
ACH-000565,0.9733778,5.813524689,RCM1,Colorectal Adenocarcinoma,Bowel
ACH-000169,0.98185545,5.030777472,RD,Rhabdomyosarcoma,Soft Tissue
ACH-000791,0.98041296,6.346070441,RERFLCAD1,Non-Small Cell Lung Cancer,Lung
ACH-000774,0.9969082,5.018367116,RERFLCAD2,Non-Small Cell Lung Cancer,Lung
ACH-000261,0.9738035,4.728464765,RERFLCAI,Non-Small Cell Lung Cancer,Lung
ACH-000482,1,7.70763522,RERFLCKJ,Non-Small Cell Lung Cancer,Lung
ACH-000062,1,4.486070744,RERFLCMS,Non-Small Cell Lung Cancer,Lung
ACH-000833,0.9135341,4.301587647,RH30,Rhabdomyosarcoma,Soft Tissue
ACH-000505,1,2.324810603,RKN,Leiomyosarcoma,Soft Tissue
ACH-000943,0.9999127,4.213347282,RKO,Colorectal Adenocarcinoma,Bowel
ACH-000965,1,6.618091794,RL952,Endometrial Carcinoma,Uterus
ACH-000719,0.8259269,6.736740155,RMGI,Ovarian Epithelial Tumor,Ovary/Fallopian Tube
ACH-000701,0.91650736,5.905928478,RMUGS,Ovarian Epithelial Tumor,Ovary/Fallopian Tube
ACH-000473,0.90211225,6.056583528,RT112,Bladder Urothelial Carcinoma,Bladder/Urinary Tract
ACH-000242,0.8298346,6.447083226,RT4,Bladder Urothelial Carcinoma,Bladder/Urinary Tract
ACH-000614,0.9900706,3.9800253,RVH421,Melanoma,Skin
ACH-000037,0.96664184,2.053111336,S117,"Sarcoma, NOS",Soft Tissue
ACH-000670,0.97194684,5.555816155,SBC5,Lung Neuroendocrine Tumor,Lung
ACH-000839,0.9265322,3.638073837,SCABER,Bladder Squamous Cell Carcinoma,Bladder/Urinary Tract
ACH-000188,0.9821618,3.346247774,SCC25,Head and Neck Squamous Cell Carcinoma,Head and Neck
ACH-000609,0.9304311,1.974529312,SF126,Diffuse Glioma,CNS/Brain
ACH-000376,0.9299271,4.595742339,SF295,Diffuse Glioma,CNS/Brain
ACH-000273,0.99571407,4.7473874,SF539,Diffuse Glioma,CNS/Brain
ACH-000764,0.9976587,4.597531174,SH10TC,Esophagogastric Adenocarcinoma,Esophagus/Stomach
ACH-000441,1,3.716990894,SH4,Melanoma,Skin
ACH-000099,1,3.017921908,SIMA,Neuroblastoma,Peripheral Nervous System
ACH-000748,0.90901905,4.817623258,SJSA1,Osteosarcoma,Bone
ACH-000087,0.9871911,4.036503334,SKES1,Ewing Sarcoma,Bone
ACH-001190,0.9233423,3.182692298,SKMEL2,Melanoma,Skin
ACH-000822,1,5.212569339,SKMEL24,Melanoma,Skin
ACH-000423,0.956116,3.95419631,SKMEL3,Melanoma,Skin
ACH-000810,0.98170656,4.384049807,SKMEL30,Melanoma,Skin
ACH-000730,0.99629253,3.270528942,SKMEL5,Melanoma,Skin
ACH-000665,1,3.945794957,SKMES1,Non-Small Cell Lung Cancer,Lung
ACH-000260,1,2.192194165,SKNAS,Neuroblastoma,Peripheral Nervous System
ACH-000312,0.94519114,2.555816155,SKNBE2,Neuroblastoma,Peripheral Nervous System
ACH-000811,0.8173688,11.10243505,SKOV3,Ovarian Epithelial Tumor,Ovary/Fallopian Tube
ACH-000939,0.91021675,5.914086097,SKUT1,Uterine Sarcoma/Mesenchymal,Uterus
ACH-000504,0.92035216,5.433960931,SNB75,Diffuse Glioma,CNS/Brain
ACH-000974,0.96327776,5.159871337,SNGM,Endometrial Carcinoma,Uterus
ACH-000618,0.9949421,5.574404309,SNU1041,Head and Neck Squamous Cell Carcinoma,Head and Neck
ACH-000682,0.8272966,6.125361806,SNU1066,Head and Neck Squamous Cell Carcinoma,Head and Neck
ACH-000549,1,5.781884235,SNU1076,Head and Neck Squamous Cell Carcinoma,Head and Neck
ACH-000302,1,4.772413555,SNU1077,Endometrial Carcinoma,Uterus
ACH-000209,0.98154396,5.209063395,SNU1079,Intraductal Papillary Neoplasm of the Bile Duct,Biliary Tract
ACH-000368,0.98274153,4.936873462,SNU1105,Diffuse Glioma,CNS/Brain
ACH-000461,0.83644676,5.77925972,SNU1196,Intraductal Papillary Neoplasm of the Bile Duct,Biliary Tract
ACH-000715,0.84820926,4.809414444,SNU1214,Head and Neck Squamous Cell Carcinoma,Head and Neck
ACH-000266,0.8532731,5.831117195,SNU213,Pancreatic Adenocarcinoma,Pancreas
ACH-000268,0.5951912,6.338067798,SNU245,Intraductal Papillary Neoplasm of the Bile Duct,Biliary Tract
ACH-000141,0.8084215,4.912649865,SNU308,Intracholecystic Papillary Neoplasm,Biliary Tract
ACH-000221,0.9703233,4.699329526,SNU398,Hepatocellular Carcinoma,Liver
ACH-000955,1,6.282069075,SNU407,Colorectal Adenocarcinoma,Bowel
ACH-000493,0.9782645,4.34269696,SNU423,Hepatocellular Carcinoma,Liver
ACH-000420,0.97544557,5.510329019,SNU449,Hepatocellular Carcinoma,Liver
ACH-000500,0.99810505,5.462706751,SNU46,Head and Neck Squamous Cell Carcinoma,Head and Neck
ACH-000289,0.9055959,6.850124314,SNU466,Diffuse Glioma,CNS/Brain
ACH-000736,0.9643719,5.652773285,SNU601,Esophagogastric Adenocarcinoma,Esophagus/Stomach
ACH-000532,0.990012,5.674121633,SNU61,Colorectal Adenocarcinoma,Bowel
ACH-000344,0.9191554,5.302684614,SNU668,Esophagogastric Adenocarcinoma,Esophagus/Stomach
ACH-000407,0.9160994,4.682011391,SNU685,Endometrial Carcinoma,Uterus
ACH-000898,1,5.783718558,SNU719,Esophagogastric Adenocarcinoma,Esophagus/Stomach
ACH-000537,0.9982259,5.038699551,SNU761,Hepatocellular Carcinoma,Liver
ACH-000991,0.85209817,6.453517579,SNU81,Colorectal Adenocarcinoma,Bowel
ACH-000280,0.9148429,6.031439309,SNU840,Ovarian Epithelial Tumor,Ovary/Fallopian Tube
ACH-000182,0.9979737,5.9375798,SNU869,Ampullary Carcinoma,Ampulla of Vater
ACH-000316,1,4.241077458,SNU886,Hepatocellular Carcinoma,Liver
ACH-000967,0.9242013,7.471106152,SNUC2A,Colorectal Adenocarcinoma,Bowel
ACH-000959,0.92368805,6.496174702,SNUC4,Colorectal Adenocarcinoma,Bowel
ACH-000553,0.95072293,5.765004246,SQ1,Non-Small Cell Lung Cancer,Lung
ACH-000652,0.914197,5.465648026,SUIT2,Pancreatic Adenocarcinoma,Pancreas
ACH-000437,0.8996397,3.770829046,SW1088,Diffuse Glioma,CNS/Brain
ACH-000890,1,1.137503524,SW1271,Lung Neuroendocrine Tumor,Lung
ACH-000418,0.9901225,4.92552477,SW1353,Chondrosarcoma,Bone
ACH-000677,0.9979706,5.490249211,SW1573,Non-Small Cell Lung Cancer,Lung
ACH-000566,1,5.339850003,SW1710,Bladder Urothelial Carcinoma,Bladder/Urinary Tract
ACH-000155,0.9817937,4.458775699,SW1990,Pancreatic Adenocarcinoma,Pancreas
ACH-000842,0.91682446,3.615887074,SW480,Colorectal Adenocarcinoma,Bowel
ACH-000163,0.9548387,3.626439137,SW579,Head and Neck Squamous Cell Carcinoma,Head and Neck
ACH-000651,0.99992466,4.199279721,SW620,Colorectal Adenocarcinoma,Bowel
ACH-000384,0.8545866,6.410578549,SW780,Bladder Urothelial Carcinoma,Bladder/Urinary Tract
ACH-000421,0.8999335,6.03848008,SW837,Colorectal Adenocarcinoma,Bowel
ACH-000669,0.967719,4.839959587,SW900,Non-Small Cell Lung Cancer,Lung
ACH-000680,0.7140952,5.973152038,SW948,Colorectal Adenocarcinoma,Bowel
ACH-000018,0.98980546,5.335569006,T24,Bladder Urothelial Carcinoma,Bladder/Urinary Tract
ACH-000813,0.9989296,5.130107179,T3M10,Non-Small Cell Lung Cancer,Lung
ACH-000147,0.92230237,6.330379128,T47D,Invasive Breast Carcinoma,Breast
ACH-000571,0.9816646,4.930737338,T98G,Diffuse Glioma,CNS/Brain
ACH-000502,0.8775306,4.63284983,TCCPAN2,Pancreatic Adenocarcinoma,Pancreas
ACH-000720,0.98384905,4.074676686,TCCSUP,Bladder Urothelial Carcinoma,Bladder/Urinary Tract
ACH-000647,0.9900007,5.463687842,TE1,Esophageal Squamous Cell Carcinoma,Esophagus/Stomach
ACH-000318,1,4.099295204,TE10,Esophageal Squamous Cell Carcinoma,Esophagus/Stomach
ACH-000488,0.98416805,4.207111961,TE11,Esophageal Squamous Cell Carcinoma,Esophagus/Stomach
ACH-000726,0.80535954,4.687060688,TE14,Esophageal Squamous Cell Carcinoma,Esophagus/Stomach
ACH-000917,1,10.99887245,TE4,Esophageal Squamous Cell Carcinoma,Esophagus/Stomach
ACH-000408,0.9650048,5.634883637,TE5,Esophageal Squamous Cell Carcinoma,Esophagus/Stomach
ACH-000605,0.9162127,6.737686761,TE6,Esophageal Squamous Cell Carcinoma,Esophagus/Stomach
ACH-000452,1,5.329482431,TE8,Esophageal Squamous Cell Carcinoma,Esophagus/Stomach
ACH-000694,0.9647087,6.561020578,TE9,Esophageal Squamous Cell Carcinoma,Esophagus/Stomach
ACH-000397,0.9701402,7.602290585,TEN,Endometrial Carcinoma,Uterus
ACH-000592,0.9767643,5.301587647,TM31,Diffuse Glioma,CNS/Brain
ACH-000172,0.9286952,5.678916987,TM87,Embryonal Tumor,CNS/Brain
ACH-000048,0.80623627,5.534186139,TOV112D,Ovarian Epithelial Tumor,Ovary/Fallopian Tube
ACH-000885,0.9796933,5.174326515,TOV21G,Ovarian Epithelial Tumor,Ovary/Fallopian Tube
ACH-000561,0.8982248,5.733354341,TDOTT,Esophageal Squamous Cell Carcinoma,Esophagus/Stomach
ACH-001321,0.93555343,3.684818738,TT,Medullary Thyroid Cancer,Thyroid
ACH-000716,0.9995398,5.196921734,TT2609C02,Well-Differentiated Thyroid Cancer,Thyroid
ACH-000495,0.991688,4.819157224,TUHR4TKB,Renal Cell Carcinoma,Kidney
ACH-000040,1,4.604071324,U118MG,Diffuse Glioma,CNS/Brain
ACH-000232,1,4.01346226,U251MG,Diffuse Glioma,CNS/Brain
ACH-000364,0.99226314,5.434628228,U2OS,Osteosarcoma,Bone
ACH-000579,0.9980557,4.186659017,UACC257,Melanoma,Skin
ACH-000425,0.99128735,4.295723025,UACC62,Melanoma,Skin
ACH-000741,1,4.220329955,UBLC1,Bladder Urothelial Carcinoma,Bladder/Urinary Tract
ACH-000834,1,5.520107902,UMUC1,Bladder Urothelial Carcinoma,Bladder/Urinary Tract
ACH-000428,1,4.701549057,UO31,Renal Cell Carcinoma,Kidney
ACH-000545,0.9502944,5.300123725,VMCUB1,Bladder Urothelial Carcinoma,Bladder/Urinary Tract
ACH-000484,0.9489297,4.171527106,VMRCRCW,Renal Cell Carcinoma,Kidney
ACH-000171,1,4.582556003,VMRCRCZ,Renal Cell Carcinoma,Kidney
ACH-000661,1,5.368069877,WM1799,Melanoma,Skin
ACH-001239,1,4.803743669,WM2664,Melanoma,Skin
ACH-000827,1,4.508428653,WM793,Melanoma,Skin
ACH-000899,1,4.438292852,WM88,Melanoma,Skin
ACH-000765,1,5.778997006,WM983B,Melanoma,Skin
ACH-000332,0.9301711,5.832130501,YAPC,Pancreatic Adenocarcinoma,Pancreas
ACH-000723,0.9867917,4.492494152,YD10B,Head and Neck Squamous Cell Carcinoma,Head and Neck
ACH-000836,0.90383106,4.487357715,YD15,Head and Neck Squamous Cell Carcinoma,Head and Neck
ACH-000762,0.9551706,3.66106548,YD38,Head and Neck Squamous Cell Carcinoma,Head and Neck
ACH-000630,0.9590571,5.682292371,YD8,Head and Neck Squamous Cell Carcinoma,Head and Neck
ACH-000469,0.96844363,5.027242536,YH13,Diffuse Glioma,CNS/Brain
ACH-000570,1,3.690417096,YKG1,Diffuse Glioma,CNS/Brain
ACH-000097,0.84343994,6.752882366,ZR751,Invasive Breast Carcinoma,Breast
