DepMap ID,T-DM1 AUC,ERBB2 log2(TPM+1) Expression Public 23Q2,Cell Line Name,Primary Disease,Lineage
ACH-000956,1,4.694880193,22RV1,Prostate Adenocarcinoma,Prostate
ACH-000948,0.97208846,5.743353391,2313287,Esophagogastric Adenocarcinoma,Esophagus/Stomach
ACH-000011,1,4.154615611,253J,Bladder Urothelial Carcinoma,Bladder/Urinary Tract
ACH-000026,1,4.508428653,253JBV,Bladder Urothelial Carcinoma,Bladder/Urinary Tract
ACH-000323,0.94632244,4.034743949,42MGBA,Diffuse Glioma,CNS/Brain
ACH-000905,0.9037648,5.435628594,5637,Bladder Urothelial Carcinoma,Bladder/Urinary Tract
ACH-000973,0.98312175,5.436628267,639V,Urethral Cancer,Bladder/Urinary Tract
ACH-000896,0.94782907,5.857980995,647V,Bladder Urothelial Carcinoma,Bladder/Urinary Tract
ACH-000411,0.96843505,3.716990894,769P,Renal Cell Carcinoma,Kidney
ACH-000649,0.9380755,3.689299161,786O,Renal Cell Carcinoma,Kidney
ACH-001306,0.9977459,4.053980168,8305C,Anaplastic Thyroid Cancer,Thyroid
ACH-001307,0.96307075,5.030777472,8505C,Anaplastic Thyroid Cancer,Thyroid
ACH-000137,0.99507874,4.475733431,8MGBA,Diffuse Glioma,CNS/Brain
ACH-000008,0.9942463,4.154615611,A101D,Melanoma,Skin
ACH-000558,0.9593665,5.338780944,A172,Diffuse Glioma,CNS/Brain
ACH-000788,0.9675915,4.753818443,A2058,Melanoma,Skin
ACH-000657,0.9314651,5.358607249,A2780,Ovarian Epithelial Tumor,Ovary/Fallopian Tube
ACH-000219,0.9532409,4.505255801,A375,Melanoma,Skin
ACH-000681,0.9974609,4.207111961,A549,Non-Small Cell Lung Cancer,Lung
ACH-000052,1,3.961623328,A673,Ewing Sarcoma,Bone
ACH-000429,0.86938024,3.232660757,A704,Renal Cell Carcinoma,Kidney
ACH-000528,0.9520824,5.944624223,ABC1,Non-Small Cell Lung Cancer,Lung
ACH-000086,0.8856408,3.201633861,ACCMESO1,Pleural Mesothelioma,Pleura
ACH-000880,0.8849211,6.224773478,AGS,Esophagogastric Adenocarcinoma,Esophagus/Stomach
ACH-000940,0.96466315,5.204375511,AN3CA,Endometrial Carcinoma,Uterus
ACH-000222,0.91689193,5.581953751,ASPC1,Pancreatic Adenocarcinoma,Pancreas
ACH-000593,0.9862436,4.699884729,BC3C,Bladder Urothelial Carcinoma,Bladder/Urinary Tract
ACH-000456,0.95305413,4.938756261,BCPAP,Poorly Differentiated Thyroid Cancer,Thyroid
ACH-001016,0.9903425,2.922197848,BECKER,Diffuse Glioma,CNS/Brain
ACH-000603,0.99418145,2.61117238,BEN,Non-Small Cell Lung Cancer,Lung
ACH-000802,0.9013888,4.842476063,BFTC905,Bladder Urothelial Carcinoma,Bladder/Urinary Tract
ACH-000792,0.9086615,2.914564523,BFTC909,Renal Cell Carcinoma,Kidney
ACH-000191,0.92896235,1.316145742,BHT101,Anaplastic Thyroid Cancer,Thyroid
ACH-000503,0.9123637,5.708463165,BICR16,Head and Neck Squamous Cell Carcinoma,Head and Neck
ACH-000228,0.9116077,7.194658374,BICR31,Head and Neck Squamous Cell Carcinoma,Head and Neck
ACH-000771,0.9542248,4.430954271,BICR56,Head and Neck Squamous Cell Carcinoma,Head and Neck
ACH-000415,0.9900001,4.267535798,BICR6,Head and Neck Squamous Cell Carcinoma,Head and Neck
ACH-000927,0.85509694,10.52258153,BT474,Invasive Breast Carcinoma,Breast
ACH-000288,0.8774382,4.132576843,BT549,Invasive Breast Carcinoma,Breast
ACH-000535,1,5.025471815,BXPC3,Pancreatic Adenocarcinoma,Pancreas
ACH-000210,0.9079225,3.032100843,CADOES1,Ewing Sarcoma,Bone
ACH-000433,0.9537737,4.09423607,CAKI1,Renal Cell Carcinoma,Kidney
ACH-000212,1,4.581351247,CAL120,Invasive Breast Carcinoma,Breast
ACH-000826,0.8726859,5.407012774,CAL12T,Non-Small Cell Lung Cancer,Lung
ACH-000832,0.9698958,4.667892125,CAL27,Head and Neck Squamous Cell Carcinoma,Head and Neck
ACH-000142,0.91328704,5.789729251,CAL29,Bladder Urothelial Carcinoma,Bladder/Urinary Tract
ACH-000856,1,6.332886917,CAL51,Invasive Breast Carcinoma,Breast
ACH-000457,0.8919518,5.541328977,CAL54,Renal Cell Carcinoma,Kidney
ACH-000174,1,5.170726276,CAL62,Anaplastic Thyroid Cancer,Thyroid
ACH-000516,0.9246001,3.821710215,CAL78,Chondrosarcoma,Bone
ACH-000511,0.9970163,4.860962798,CALU1,Non-Small Cell Lung Cancer,Lung
ACH-000264,0.98859006,3.061776198,CALU6,Non-Small Cell Lung Cancer,Lung
ACH-000783,0.97625244,6.182890893,CAMA1,Invasive Breast Carcinoma,Breast
ACH-000713,0.947738,4.639232163,CAOV3,Ovarian Epithelial Tumor,Ovary/Fallopian Tube
ACH-000107,0.7683713,6.218781168,CAPAN2,Pancreatic Adenocarcinoma,Pancreas
ACH-000329,0.89009506,2.523561956,CCFSTTG1,Diffuse Glioma,CNS/Brain
ACH-000138,0.87608314,5.732540561,CFPAC1,Pancreatic Adenocarcinoma,Pancreas
ACH-000458,0.9646183,4.791814071,CJM,Melanoma,Skin
ACH-000895,0.9081731,6.333602628,CL34,Colorectal Adenocarcinoma,Bowel
ACH-000803,0.90890497,3.264536431,COLO668,Lung Neuroendocrine Tumor,Lung
ACH-000805,1,2.50589093,COLO679,Melanoma,Skin
ACH-000717,0.9459979,6.3675458,COLO680N,Esophageal Squamous Cell Carcinoma,Esophagus/Stomach
ACH-000582,0.875468,4.481557281,COLO741,Melanoma,Skin
ACH-000812,0.9826234,4.086613947,COLO783,Melanoma,Skin
ACH-000968,0.9977097,5.27686883,COLO792,Melanoma,Skin
ACH-000401,0.96099037,5.00270252,COLO800,Melanoma,Skin
ACH-000161,0.895513,4.95930649,CORL105,Non-Small Cell Lung Cancer,Lung
ACH-000662,1,4.932155684,CORL23,Non-Small Cell Lung Cancer,Lung
ACH-000278,1,4.016139703,COV362,Ovarian Epithelial Tumor,Ovary/Fallopian Tube
ACH-000123,1,4.762348816,COV434,Ovarian Epithelial Tumor,Ovary/Fallopian Tube
ACH-000243,0.881044,4.963011648,DANG,Pancreatic Adenocarcinoma,Pancreas
ACH-000211,0.91019017,3.503348735,DAOY,Embryonal Tumor,CNS/Brain
ACH-000863,0.96516824,4.77925972,DBTRG05MG,Diffuse Glioma,CNS/Brain
ACH-000207,0.9748292,4.238022518,DETROIT562,Head and Neck Squamous Cell Carcinoma,Head and Neck
ACH-000244,0.8564715,5.385085854,DKMG,Diffuse Glioma,CNS/Brain
ACH-000749,0.85793525,1.811471031,DMS273,Lung Neuroendocrine Tumor,Lung
ACH-000925,0.9354677,5.230741003,DV90,Non-Small Cell Lung Cancer,Lung
ACH-000563,0.92799383,5.187451054,EBC1,Non-Small Cell Lung Cancer,Lung
ACH-000305,1,6.183288001,ECGI10,Esophageal Squamous Cell Carcinoma,Esophagus/Stomach
ACH-000117,0.29463857,11.44024629,EFM192A,Invasive Breast Carcinoma,Breast
ACH-000308,1,4.828834649,EFO21,Ovarian Epithelial Tumor,Ovary/Fallopian Tube
ACH-000936,0.9958797,5.276496666,EFO27,Ovarian Epithelial Tumor,Ovary/Fallopian Tube
ACH-000978,0.9319634,6.116031993,EN,Endometrial Carcinoma,Uterus
ACH-000906,0.987026,1.618238656,ES2,Ovarian Epithelial Tumor,Ovary/Fallopian Tube
ACH-000913,0.99,4.900625333,ESS1,Uterine Sarcoma/Mesenchymal,Uterus
ACH-000279,0.9618462,3.885574364,EWS502,Ewing Sarcoma,Bone
ACH-000846,0.9521779,5.758089934,FADU,Head and Neck Squamous Cell Carcinoma,Head and Neck
ACH-000903,0.9559811,5.431957188,FTC133,Well-Differentiated Thyroid Cancer,Thyroid
ACH-000897,0.9028996,4.51412226,FTC238,Well-Differentiated Thyroid Cancer,Thyroid
ACH-000082,0.98774916,4.209453366,G292CLONEA141B1,Osteosarcoma,Bone
ACH-000572,0.8356342,4.675251386,G361,Melanoma,Skin
ACH-000096,0.99446154,4.944858446,G401,Rhabdoid Cancer,Kidney
ACH-000375,1,5.622051819,G402,Renal Cell Carcinoma,Kidney
ACH-000098,1,4.034743949,GAMG,Diffuse Glioma,CNS/Brain
ACH-000738,1,4.700994494,GB1,Diffuse Glioma,CNS/Brain
ACH-000835,1,3.263034406,GCT,Undifferentiated Pleomorphic Sarcoma/Malignant Fibrous Histiocytoma/High-Grade Spindle Cell Sarcoma,Soft Tissue
ACH-000756,1,4.855989697,GI1,Diffuse Glioma,CNS/Brain
ACH-000027,0.9408099,5.565597176,GOS3,Diffuse Glioma,CNS/Brain
ACH-000982,0.89742047,6.768184325,GP2D,Colorectal Adenocarcinoma,Bowel
ACH-000389,0.9903301,4.63691458,H4,Diffuse Glioma,CNS/Brain
ACH-001310,0.91303056,5.43162296,HA1E,Non-Cancerous,Kidney
ACH-000843,1,4.867402306,HARA,Non-Small Cell Lung Cancer,Lung
ACH-000374,1,5.087887101,HCC1143,Invasive Breast Carcinoma,Breast
ACH-000868,0.87205243,7.235918488,HCC1195,Non-Small Cell Lung Cancer,Lung
ACH-000901,0.92327505,4.165911939,HCC1359,Non-Small Cell Lung Cancer,Lung
ACH-000277,0.8443829,11.60987129,HCC1419,Invasive Breast Carcinoma,Breast
ACH-000352,0.8661957,5.385085854,HCC1428,Invasive Breast Carcinoma,Breast
ACH-000891,0.9320786,5.54225805,HCC1438,Non-Small Cell Lung Cancer,Lung
ACH-000878,0.9375162,3.924099886,HCC15,Non-Small Cell Lung Cancer,Lung
ACH-000624,0.8956181,5.000901403,HCC1806,Breast Ductal Carcinoma In Situ,Breast
ACH-000223,0.8527887,5.645298164,HCC1937,Invasive Breast Carcinoma,Breast
ACH-000276,0.75668985,7.12763328,HCC38,Invasive Breast Carcinoma,Breast
ACH-000066,0.9955201,5.682011391,HCC4006,Non-Small Cell Lung Cancer,Lung
ACH-000667,0.9840214,2.3305584,HCC44,Non-Small Cell Lung Cancer,Lung
ACH-000872,0.8764616,5.068670811,HCC515,Non-Small Cell Lung Cancer,Lung
ACH-000467,0.9365646,5.319401167,HCC56,Colorectal Adenocarcinoma,Bowel
ACH-000562,0.97391224,5.9502351,HCC78,Non-Small Cell Lung Cancer,Lung
ACH-000012,0.9488724,5.054848477,HCC827,Non-Small Cell Lung Cancer,Lung
ACH-000454,0.96102566,5.395748328,HCC95,Non-Small Cell Lung Cancer,Lung
ACH-000971,0.99432236,4.757023247,HCT116,Colorectal Adenocarcinoma,Bowel
ACH-000997,0.90695715,5.967168608,HCT15,Colorectal Adenocarcinoma,Bowel
ACH-000643,0.938458,5.47118746,HDQP1,Invasive Breast Carcinoma,Breast
ACH-000990,0.99952745,6.347488497,HEC108,Endometrial Carcinoma,Uterus
ACH-000972,0.91790503,4.650764559,HEC151,Endometrial Carcinoma,Uterus
ACH-000954,0.94753134,6.374517881,HEC1A,Endometrial Carcinoma,Uterus
ACH-000941,0.99477583,6.462379572,HEC1B,Endometrial Carcinoma,Uterus
ACH-000996,0.8978584,5.889716892,HEC251,Endometrial Carcinoma,Uterus
ACH-000946,0.99270636,5.344118335,HEC265,Endometrial Carcinoma,Uterus
ACH-000994,0.9884196,5.714245518,HEC59,Endometrial Carcinoma,Uterus
ACH-000984,0.8637693,5.64587455,HEC6,Endometrial Carcinoma,Uterus
ACH-000625,0.9020129,5.145269857,HEP3B217,Hepatocellular Carcinoma,Liver
ACH-000542,0.9945653,3.588564737,HEYA8,Ovarian Epithelial Tumor,Ovary/Fallopian Tube
ACH-000847,0.88323766,5.01658546,HGC27,Esophagogastric Adenocarcinoma,Esophagus/Stomach
ACH-000393,1,4.534808661,HLF,Hepatocellular Carcinoma,Liver
ACH-000721,0.9476856,3.714795011,HMC18,Invasive Breast Carcinoma,Breast
ACH-000270,0.950683,5.787902559,HPAC,Pancreatic Adenocarcinoma,Pancreas
ACH-000014,0.9150254,5.414135533,HS294T,Melanoma,Skin
ACH-000133,1,5.002252452,HS729,Rhabdomyosarcoma,Soft Tissue
ACH-000178,0.9916951,4.201633861,HS766T,Pancreatic Adenocarcinoma,Pancreas
ACH-000274,1,4.575312331,HS852T,Melanoma,Skin
ACH-000814,0.93936306,4.659924558,HS939T,Melanoma,Skin
ACH-000632,0.92793715,4.088311236,HS944T,Melanoma,Skin
ACH-000472,0.948367,3.800123353,HSC2,Head and Neck Squamous Cell Carcinoma,Head and Neck
ACH-000778,1,4,HSC3,Head and Neck Squamous Cell Carcinoma,Head and Neck
ACH-000054,1,4.250961574,HT1080,Fibrosarcoma,Soft Tissue
ACH-000724,0.9822071,5.349082146,HT1376,Bladder Urothelial Carcinoma,Bladder/Urinary Tract
ACH-000322,0.91900146,4.727920455,HT144,Melanoma,Skin
ACH-000552,0.9162325,5.861211003,HT29,Colorectal Adenocarcinoma,Bowel
ACH-000926,0.9036014,5.564073256,HT55,Colorectal Adenocarcinoma,Bowel
ACH-000976,1,3.016139703,HUCCT1,Intraductal Papillary Neoplasm of the Bile Duct,Biliary Tract
ACH-000808,0.9218256,4.631686366,HUH28,Intraductal Papillary Neoplasm of the Bile Duct,Biliary Tract
ACH-000671,0.7731282,4.509695842,HUH6,Hepatoblastoma,Liver
ACH-000480,0.8622291,4.828326926,HUH7,Hepatocellular Carcinoma,Liver
ACH-000118,0.95641226,5.305970521,HUPT3,Pancreatic Adenocarcinoma,Pancreas
ACH-000672,0.8558836,5.790511412,IALM,Non-Small Cell Lung Cancer,Lung
ACH-000882,1,4.265286858,IGR1,Melanoma,Skin
ACH-000650,1,4.139142019,IGR37,Melanoma,Skin
ACH-000966,1,6.083638879,IGROV1,Ovarian Epithelial Tumor,Ovary/Fallopian Tube
ACH-000919,0.9900003,6.182890893,IM95,Esophagogastric Adenocarcinoma,Esophagus/Stomach
ACH-000915,0.94241446,3.580145484,IPC298,Melanoma,Skin
ACH-000961,0.89356065,6.147917191,ISHIKAWAHERAKLIO02ER,Endometrial Carcinoma,Uterus
ACH-000569,1,4.60940039,ISTMES1,Pleural Mesothelioma,Pleura
ACH-000331,0.9227897,4.455491621,ISTMES2,Pleural Mesothelioma,Pleura
ACH-000396,1,4.553974808,J82,Bladder Urothelial Carcinoma,Bladder/Urinary Tract
ACH-000620,0.9270196,6.116239979,JHH1,Hepatocellular Carcinoma,Liver
ACH-000476,0.8849119,5.744161096,JHH4,Hepatocellular Carcinoma,Liver
ACH-000734,0.93217963,4.777156666,JHH5,Hepatocellular Carcinoma,Liver
ACH-000217,0.9119326,3.956985925,JHH6,Hepatocellular Carcinoma,Liver
ACH-000848,0.9940499,6.265099288,JHH7,Hepatocellular Carcinoma,Liver
ACH-000324,0.9205017,6.219942914,JHOC5,Ovarian Epithelial Tumor,Ovary/Fallopian Tube
ACH-000237,0.87259704,5.464994927,JHOM1,Ovarian Epithelial Tumor,Ovary/Fallopian Tube
ACH-000132,0.92162704,4.744161096,JHOS2,Ovarian Epithelial Tumor,Ovary/Fallopian Tube
ACH-000909,0.9946239,5.433293326,JHUEM2,Endometrial Carcinoma,Uterus
ACH-000711,0.89335686,8.457134594,JIMT1,Invasive Breast Carcinoma,Breast
ACH-000753,0.83570766,4.649040566,JMSU1,Bladder Urothelial Carcinoma,Bladder/Urinary Tract
ACH-000404,0.9968657,4.137503524,K029AX,Melanoma,Skin
ACH-000231,0.99012583,4.117695043,KALS1,Diffuse Glioma,CNS/Brain
ACH-000259,0.80413485,0.82374936,KELLY,Neuroblastoma,Peripheral Nervous System
ACH-000862,0.98755276,6.660922914,KMBC2,Bladder Urothelial Carcinoma,Bladder/Urinary Tract
ACH-000684,1,2.952333566,KMRC1,Renal Cell Carcinoma,Kidney
ACH-000250,0.98999864,4.942983598,KMRC20,Renal Cell Carcinoma,Kidney
ACH-000313,0.9909627,5.517275693,KMRC3,Renal Cell Carcinoma,Kidney
ACH-000622,1,5.132576843,KNS42,Diffuse Glioma,CNS/Brain
ACH-000445,0.85982215,4.475084883,KNS60,Diffuse Glioma,CNS/Brain
ACH-000858,0.8035133,4.04701482,KNS62,Non-Small Cell Lung Cancer,Lung
ACH-000479,0.94376314,4.752748591,KNS81,Diffuse Glioma,CNS/Brain
ACH-000281,0.8353597,5.557042415,KP2,Pancreatic Adenocarcinoma,Pancreas
ACH-000108,0.9460987,4.586764743,KP3,Adenosquamous Carcinoma of the Pancreas,Pancreas
ACH-000265,1,5.635754391,KP4,Pancreatic Adenocarcinoma,Pancreas
ACH-000486,0.9756023,4.863442934,KU1919,Bladder Urothelial Carcinoma,Bladder/Urinary Tract
ACH-000524,0.9998024,5.775840699,KURAMOCHI,Ovarian Epithelial Tumor,Ovary/Fallopian Tube
ACH-000823,1,4.686500527,KYSE140,Esophageal Squamous Cell Carcinoma,Esophagus/Stomach
ACH-000855,0.94266015,4.974529312,KYSE150,Esophageal Squamous Cell Carcinoma,Esophagus/Stomach
ACH-000693,0.9566118,4.485426827,KYSE180,Esophageal Squamous Cell Carcinoma,Esophagus/Stomach
ACH-000873,0.91668725,4.895787316,KYSE270,Esophageal Squamous Cell Carcinoma,Esophagus/Stomach
ACH-000777,0.9586845,6.304145941,KYSE30,Esophageal Squamous Cell Carcinoma,Esophagus/Stomach
ACH-000809,0.84601265,10.37558251,KYSE410,Esophageal Squamous Cell Carcinoma,Esophagus/Stomach
ACH-000824,0.9476408,5.098453246,KYSE510,Esophageal Squamous Cell Carcinoma,Esophagus/Stomach
ACH-000637,1,4.607626221,KYSE520,Esophageal Squamous Cell Carcinoma,Esophagus/Stomach
ACH-000784,1,3.986410935,KYSE70,Esophageal Squamous Cell Carcinoma,Esophagus/Stomach
ACH-000685,0.8917234,4.84899843,L33,Adenosquamous Carcinoma of the Pancreas,Pancreas
ACH-001113,0.91236854,3.386810946,LC1SQSF,Non-Small Cell Lung Cancer,Lung
ACH-000627,0.9667538,4.866413481,LCLC103H,Non-Small Cell Lung Cancer,Lung
ACH-000471,0.8612426,5.736063628,LI7,Hepatocellular Carcinoma,Liver
ACH-000769,0.95518804,3.360364277,LK2,Non-Small Cell Lung Cancer,Lung
ACH-000255,0.9967413,4.118525849,LMSU,Esophagogastric Adenocarcinoma,Esophagus/Stomach
ACH-000819,0.96172696,4,LN18,Diffuse Glioma,CNS/Brain
ACH-000977,0.98100054,6.544578117,LNCAPCLONEFGC,Prostate Adenocarcinoma,Prostate
ACH-000176,0.8414716,5.49441561,LOUNH91,Non-Small Cell Lung Cancer,Lung
ACH-000950,0.86346436,5.568032105,LOVO,Colorectal Adenocarcinoma,Bowel
ACH-000750,0.957171,0.454175893,LOXIMVI,Melanoma,Skin
ACH-000252,1,5.358958826,LS1034,Colorectal Adenocarcinoma,Bowel
ACH-000957,0.94289964,6.250014115,LS180,Colorectal Adenocarcinoma,Bowel
ACH-000985,0.9313744,5.256255873,LS411N,Colorectal Adenocarcinoma,Bowel
ACH-000007,0.9054979,6.112074551,LS513,Colorectal Adenocarcinoma,Bowel
ACH-000444,0.92310095,4.763411574,LU99,Non-Small Cell Lung Cancer,Lung
ACH-000390,0.9429393,5.079804755,LUDLU1,Non-Small Cell Lung Cancer,Lung
ACH-000787,0.9377936,4.796493929,LXF289,Non-Small Cell Lung Cancer,Lung
ACH-000477,0.9944173,4.789207575,MALME3M,Melanoma,Skin
ACH-000796,1,4.495055528,MCAS,Ovarian Epithelial Tumor,Ovary/Fallopian Tube
ACH-000759,0.7011188,7.51696066,MDAMB175VII,Invasive Breast Carcinoma,Breast
ACH-000768,1,4.658211483,MDAMB231,Invasive Breast Carcinoma,Breast
ACH-000884,0.8942893,3.50589093,MDAMB435S,Melanoma,Skin
ACH-000573,1,3.959770155,MDAMB436,Invasive Breast Carcinoma,Breast
ACH-000849,0.97979486,4.552745937,MDAMB468,Invasive Breast Carcinoma,Breast
ACH-000450,0.8782854,3.040892431,MELHO,Melanoma,Skin
ACH-000449,1,5.430619811,MESSA,Uterine Sarcoma/Mesenchymal,Uterus
ACH-000987,0.9498993,4.744161096,MEWO,Melanoma,Skin
ACH-000192,0.85338855,7.787510824,MFE280,Endometrial Carcinoma,Uterus
ACH-000879,0.91836065,6.227471546,MFE296,Endometrial Carcinoma,Uterus
ACH-000988,0.89666396,6.077456652,MFE319,Endometrial Carcinoma,Uterus
ACH-000359,0.99113315,4.674121633,MG63,Osteosarcoma,Bone
ACH-000391,1,3.982765463,MHHES1,Ewing Sarcoma,Bone
ACH-000601,0.9177072,4.951867504,MIAPACA2,Pancreatic Adenocarcinoma,Pancreas
ACH-000351,1,5.334496768,MKN1,Esophagogastric Adenocarcinoma,Esophagus/Stomach
ACH-000356,0.96304333,5.562242424,MKN45,Esophagogastric Adenocarcinoma,Esophagus/Stomach
ACH-000678,0.84957373,10.83786442,MKN7,Esophagogastric Adenocarcinoma,Esophagus/Stomach
ACH-000758,1,5.449891473,MKN74,Esophagogastric Adenocarcinoma,Esophagus/Stomach
ACH-001128,0.8826118,5.382667253,MON,Embryonal Tumor,CNS/Brain
ACH-000319,1,4.349082146,MPP89,Pleural Mesothelioma,Pleura
ACH-000335,1,4.312519967,MSTO211H,Pleural Mesothelioma,Pleura
ACH-000804,0.9590252,3.709290636,NB1,Neuroblastoma,Peripheral Nervous System
ACH-000866,0.8558612,4.438292852,NCIH1048,Lung Neuroendocrine Tumor,Lung
ACH-000510,0.999953,3.689299161,NCIH1299,Non-Small Cell Lung Cancer,Lung
ACH-000666,0.9575324,5.632268215,NCIH1355,Non-Small Cell Lung Cancer,Lung
ACH-000845,1,5.239550797,NCIH1373,Non-Small Cell Lung Cancer,Lung
ACH-000852,1,6.025028794,NCIH1435,Non-Small Cell Lung Cancer,Lung
ACH-000589,0.9741578,5.415150205,NCIH1437,Non-Small Cell Lung Cancer,Lung
ACH-000892,1,6.837438715,NCIH1563,Non-Small Cell Lung Cancer,Lung
ACH-000869,1,5.449891473,NCIH1568,Non-Small Cell Lung Cancer,Lung
ACH-000916,0.92491466,6.56422572,NCIH1573,Non-Small Cell Lung Cancer,Lung
ACH-000015,0.8518967,4.770829046,NCIH1581,Non-Small Cell Lung Cancer,Lung
ACH-000744,0.86921537,6.394033895,NCIH1623,Non-Small Cell Lung Cancer,Lung
ACH-000766,0.9475074,5.459103696,NCIH1648,Non-Small Cell Lung Cancer,Lung
ACH-000035,0.9342744,6.324450605,NCIH1650,Non-Small Cell Lung Cancer,Lung
ACH-000021,0.9787517,5.891419187,NCIH1693,Non-Small Cell Lung Cancer,Lung
ACH-000747,0.9840695,5.226123143,NCIH1703,Non-Small Cell Lung Cancer,Lung
ACH-000496,0.9121565,4.595742339,NCIH1792,Non-Small Cell Lung Cancer,Lung
ACH-000888,1,4.383358695,NCIH1793,Non-Small Cell Lung Cancer,Lung
ACH-000733,0.9211201,5.599020177,NCIH1838,Non-Small Cell Lung Cancer,Lung
ACH-000434,0.9420845,2.419538892,NCIH1915,Non-Small Cell Lung Cancer,Lung
ACH-000414,0.9658639,3.820689561,NCIH1944,Non-Small Cell Lung Cancer,Lung
ACH-000587,1,5.254367281,NCIH1975,Non-Small Cell Lung Cancer,Lung
ACH-000886,0.90640336,6.22650853,NCIH2009,Non-Small Cell Lung Cancer,Lung
ACH-000781,0.9344685,4.767654798,NCIH2023,Non-Small Cell Lung Cancer,Lung
ACH-000521,1,5.244506551,NCIH2030,Non-Small Cell Lung Cancer,Lung
ACH-000153,0.9645976,4.92314918,NCIH2052,Pleural Mesothelioma,Pleura
ACH-000841,0.94177145,5.418189948,NCIH2087,Non-Small Cell Lung Cancer,Lung
ACH-000929,0.89347285,6.423578171,NCIH2110,Non-Small Cell Lung Cancer,Lung
ACH-000311,0.9880206,5.141187525,NCIH2122,Non-Small Cell Lung Cancer,Lung
ACH-000785,0.81996226,7.163800604,NCIH2126,Non-Small Cell Lung Cancer,Lung
ACH-000481,0.35337597,11.20695329,NCIH2170,Non-Small Cell Lung Cancer,Lung
ACH-000924,0.9769379,4.488000771,NCIH2172,Non-Small Cell Lung Cancer,Lung
ACH-000447,0.9154382,4.351910961,NCIH2228,Non-Small Cell Lung Cancer,Lung
ACH-000367,0.98526406,4.193771743,NCIH226,Pleural Mesothelioma,Pleura
ACH-000900,1,3.240314329,NCIH23,Non-Small Cell Lung Cancer,Lung
ACH-000875,0.89695376,5.773468928,NCIH2347,Non-Small Cell Lung Cancer,Lung
ACH-000186,1,4.492494152,NCIH2444,Non-Small Cell Lung Cancer,Lung
ACH-000092,1,3.944858446,NCIH2452,Pleural Mesothelioma,Pleura
ACH-000648,1,4.382667253,NCIH28,Pleural Mesothelioma,Pleura
ACH-001075,0.8637702,5.442280035,NCIH292,Non-Small Cell Lung Cancer,Lung
ACH-000837,0.97210664,5.314333994,NCIH322,Non-Small Cell Lung Cancer,Lung
ACH-000860,0.96865916,5.270902649,NCIH358,Non-Small Cell Lung Cancer,Lung
ACH-000800,1,2.03562391,NCIH446,Lung Neuroendocrine Tumor,Lung
ACH-000463,0.9493041,3.897240426,NCIH460,Non-Small Cell Lung Cancer,Lung
ACH-000395,0.9391199,2.220329955,NCIH520,Non-Small Cell Lung Cancer,Lung
ACH-000343,0.81664395,7.244125943,NCIH522,Non-Small Cell Lung Cancer,Lung
ACH-000628,0.9454723,4.401220862,NCIH596,Non-Small Cell Lung Cancer,Lung
ACH-000945,0.9819666,4.451540833,NCIH650,Non-Small Cell Lung Cancer,Lung
ACH-000853,0.94676,6.084064265,NCIH661,Non-Small Cell Lung Cancer,Lung
ACH-000775,0.98479277,3.553360503,NCIH727,Lung Neuroendocrine Tumor,Lung
ACH-000403,0.78944355,6.067165427,NCIH747,Colorectal Adenocarcinoma,Bowel
ACH-000416,1,4.655351829,NCIH838,Non-Small Cell Lung Cancer,Lung
ACH-000292,1,5.936873462,NCIH841,Lung Neuroendocrine Tumor,Lung
ACH-000911,0.9541608,3.963474124,NUGC3,Esophagogastric Adenocarcinoma,Esophagus/Stomach
ACH-000674,1,7.030004945,NUGC4,Esophagogastric Adenocarcinoma,Esophagus/Stomach
ACH-000704,1,5.722192761,OAW42,Ovarian Epithelial Tumor,Ovary/Fallopian Tube
ACH-000962,0.95452994,4.298658316,OC314,Ovarian Epithelial Tumor,Ovary/Fallopian Tube
ACH-001145,0.9550154,4.612352499,OC316,Ovarian Epithelial Tumor,Ovary/Fallopian Tube
ACH-000679,0.31449226,12.04613496,OE19,Esophageal Squamous Cell Carcinoma,Esophagus/Stomach
ACH-000544,0.9402972,2.689299161,OE21,Esophageal Squamous Cell Carcinoma,Esophagus/Stomach
ACH-000383,0.93289953,8.840400288,OE33,Esophagogastric Adenocarcinoma,Esophagus/Stomach
ACH-000013,1,4.849498932,ONCODG1,Ovarian Epithelial Tumor,Ovary/Fallopian Tube
ACH-000776,1,2.482848283,ONS76,Embryonal Tumor,CNS/Brain
ACH-000159,1,4.929790998,OSRC2,Renal Cell Carcinoma,Kidney
ACH-000296,0.8839194,5.380590934,OUMS23,Colorectal Adenocarcinoma,Bowel
ACH-000091,0.92031395,3.784503983,OV56,Ovarian Epithelial Tumor,Ovary/Fallopian Tube
ACH-000688,0.9780092,1.207892852,OV7,Ovarian Epithelial Tumor,Ovary/Fallopian Tube
ACH-000696,0.94983137,4.915042791,OVCAR8,Ovarian Epithelial Tumor,Ovary/Fallopian Tube
ACH-000527,0.96834385,6.598871346,OVISE,Ovarian Epithelial Tumor,Ovary/Fallopian Tube
ACH-000947,0.96159947,5.796234335,OVK18,Ovarian Epithelial Tumor,Ovary/Fallopian Tube
ACH-000663,1,4.391630262,OVTOKO,Ovarian Epithelial Tumor,Ovary/Fallopian Tube
ACH-000042,0.9862203,5.359310317,PANC0203,Pancreatic Adenocarcinoma,Pancreas
ACH-000139,0.8848029,4.891419187,PANC0327,Pancreatic Adenocarcinoma,Pancreas
ACH-000235,0.9637283,4.798569004,PANC0403,Pancreatic Adenocarcinoma,Pancreas
ACH-000417,0.9065462,6.194559886,PANC0813,Pancreatic Adenocarcinoma,Pancreas
ACH-000164,0.9935654,4.276496666,PANC1,Pancreatic Adenocarcinoma,Pancreas
ACH-000060,1,6.129695157,PANC1005,Pancreatic Adenocarcinoma,Pancreas
ACH-000599,0.9197549,5.318316841,PATU8902,Pancreatic Adenocarcinoma,Pancreas
ACH-000022,0.9343413,5.092968509,PATU8988S,Pancreatic Adenocarcinoma,Pancreas
ACH-000023,1,4.673556424,PATU8988T,Pancreatic Adenocarcinoma,Pancreas
ACH-000030,0.9211011,5.004501392,PC14,Non-Small Cell Lung Cancer,Lung
ACH-000090,0.8919774,4.110196178,PC3,Prostate Adenocarcinoma,Prostate
ACH-000619,0.8912164,5.199279721,PECAPJ15,Head and Neck Squamous Cell Carcinoma,Head and Neck
ACH-000732,0.95727795,4.35614381,PECAPJ41CLONED2,Head and Neck Squamous Cell Carcinoma,Head and Neck
ACH-000735,0.9162627,5.119771162,PECAPJ49,Head and Neck Squamous Cell Carcinoma,Head and Neck
ACH-000307,0.92892885,5.995710629,PK1,Pancreatic Adenocarcinoma,Pancreas
ACH-000468,0.98462397,4.147306699,PK45H,Pancreatic Adenocarcinoma,Pancreas
ACH-000205,0.9743305,5.176721693,PK59,Pancreatic Adenocarcinoma,Pancreas
ACH-001318,0.8679057,5.429281193,PLCPRF5,Hepatocellular Carcinoma,Liver
ACH-000320,0.86080766,3.94673086,PSN1,Pancreatic Adenocarcinoma,Pancreas
ACH-000347,1,2.153805336,QGP1,Pancreatic Neuroendocrine Tumor,Pancreas
ACH-000565,0.96219975,5.813524689,RCM1,Colorectal Adenocarcinoma,Bowel
ACH-000169,1,5.030777472,RD,Rhabdomyosarcoma,Soft Tissue
ACH-000791,1,6.346070441,RERFLCAD1,Non-Small Cell Lung Cancer,Lung
ACH-000774,0.9913821,5.018367116,RERFLCAD2,Non-Small Cell Lung Cancer,Lung
ACH-000261,0.97088605,4.728464765,RERFLCAI,Non-Small Cell Lung Cancer,Lung
ACH-000482,0.98344666,7.70763522,RERFLCKJ,Non-Small Cell Lung Cancer,Lung
ACH-000062,0.9476088,4.486070744,RERFLCMS,Non-Small Cell Lung Cancer,Lung
ACH-000833,1,4.301587647,RH30,Rhabdomyosarcoma,Soft Tissue
ACH-000505,0.93272877,2.324810603,RKN,Leiomyosarcoma,Soft Tissue
ACH-000943,0.98105747,4.213347282,RKO,Colorectal Adenocarcinoma,Bowel
ACH-000965,0.9970159,6.618091794,RL952,Endometrial Carcinoma,Uterus
ACH-000719,0.78931534,6.736740155,RMGI,Ovarian Epithelial Tumor,Ovary/Fallopian Tube
ACH-000701,0.8904951,5.905928478,RMUGS,Ovarian Epithelial Tumor,Ovary/Fallopian Tube
ACH-000473,0.9065801,6.056583528,RT112,Bladder Urothelial Carcinoma,Bladder/Urinary Tract
ACH-000242,0.8019972,6.447083226,RT4,Bladder Urothelial Carcinoma,Bladder/Urinary Tract
ACH-000614,0.99289805,3.9800253,RVH421,Melanoma,Skin
ACH-000037,1,2.053111336,S117,"Sarcoma, NOS",Soft Tissue
ACH-000670,0.9609313,5.555816155,SBC5,Lung Neuroendocrine Tumor,Lung
ACH-000839,0.8785783,3.638073837,SCABER,Bladder Squamous Cell Carcinoma,Bladder/Urinary Tract
ACH-000188,0.9974178,3.346247774,SCC25,Head and Neck Squamous Cell Carcinoma,Head and Neck
ACH-000609,0.99,1.974529312,SF126,Diffuse Glioma,CNS/Brain
ACH-000376,1,4.595742339,SF295,Diffuse Glioma,CNS/Brain
ACH-000273,0.8435682,4.7473874,SF539,Diffuse Glioma,CNS/Brain
ACH-000764,0.97949106,4.597531174,SH10TC,Esophagogastric Adenocarcinoma,Esophagus/Stomach
ACH-000441,1,3.716990894,SH4,Melanoma,Skin
ACH-000099,0.9687883,3.017921908,SIMA,Neuroblastoma,Peripheral Nervous System
ACH-000748,0.85844904,4.817623258,SJSA1,Osteosarcoma,Bone
ACH-000087,0.92553216,4.036503334,SKES1,Ewing Sarcoma,Bone
ACH-000361,0.9899993,4.935459748,SKHEP1,Hepatocellular Carcinoma,Liver
ACH-001190,0.89753026,3.182692298,SKMEL2,Melanoma,Skin
ACH-000822,0.99909604,5.212569339,SKMEL24,Melanoma,Skin
ACH-000423,0.9175166,3.95419631,SKMEL3,Melanoma,Skin
ACH-000810,0.9566901,4.384049807,SKMEL30,Melanoma,Skin
ACH-000730,0.99335104,3.270528942,SKMEL5,Melanoma,Skin
ACH-000665,0.9996524,3.945794957,SKMES1,Non-Small Cell Lung Cancer,Lung
ACH-000260,0.916903,2.192194165,SKNAS,Neuroblastoma,Peripheral Nervous System
ACH-000312,0.9541512,2.555816155,SKNBE2,Neuroblastoma,Peripheral Nervous System
ACH-000811,0.32189628,11.10243505,SKOV3,Ovarian Epithelial Tumor,Ovary/Fallopian Tube
ACH-000939,0.8946637,5.914086097,SKUT1,Uterine Sarcoma/Mesenchymal,Uterus
ACH-000504,0.85325724,5.433960931,SNB75,Diffuse Glioma,CNS/Brain
ACH-000974,0.97867423,5.159871337,SNGM,Endometrial Carcinoma,Uterus
ACH-000618,1,5.574404309,SNU1041,Head and Neck Squamous Cell Carcinoma,Head and Neck
ACH-000682,0.83826673,6.125361806,SNU1066,Head and Neck Squamous Cell Carcinoma,Head and Neck
ACH-000549,1,5.781884235,SNU1076,Head and Neck Squamous Cell Carcinoma,Head and Neck
ACH-000302,1,4.772413555,SNU1077,Endometrial Carcinoma,Uterus
ACH-000209,0.9079691,5.209063395,SNU1079,Intraductal Papillary Neoplasm of the Bile Duct,Biliary Tract
ACH-000368,0.95776397,4.936873462,SNU1105,Diffuse Glioma,CNS/Brain
ACH-000461,0.94951123,5.77925972,SNU1196,Intraductal Papillary Neoplasm of the Bile Duct,Biliary Tract
ACH-000715,0.9240187,4.809414444,SNU1214,Head and Neck Squamous Cell Carcinoma,Head and Neck
ACH-000266,0.86706465,5.831117195,SNU213,Pancreatic Adenocarcinoma,Pancreas
ACH-000268,0.77554,6.338067798,SNU245,Intraductal Papillary Neoplasm of the Bile Duct,Biliary Tract
ACH-000141,0.7858777,4.912649865,SNU308,Intracholecystic Papillary Neoplasm,Biliary Tract
ACH-000221,1,4.699329526,SNU398,Hepatocellular Carcinoma,Liver
ACH-000955,0.8631329,6.282069075,SNU407,Colorectal Adenocarcinoma,Bowel
ACH-000517,0.99695027,4.237257771,SNU410,Pancreatic Adenocarcinoma,Pancreas
ACH-000493,1,4.34269696,SNU423,Hepatocellular Carcinoma,Liver
ACH-000420,1,5.510329019,SNU449,Hepatocellular Carcinoma,Liver
ACH-000500,0.89275444,5.462706751,SNU46,Head and Neck Squamous Cell Carcinoma,Head and Neck
ACH-000289,0.8346038,6.850124314,SNU466,Diffuse Glioma,CNS/Brain
ACH-000736,0.9537393,5.652773285,SNU601,Esophagogastric Adenocarcinoma,Esophagus/Stomach
ACH-000532,0.99326015,5.674121633,SNU61,Colorectal Adenocarcinoma,Bowel
ACH-000344,0.879692,5.302684614,SNU668,Esophagogastric Adenocarcinoma,Esophagus/Stomach
ACH-000407,0.7811368,4.682011391,SNU685,Endometrial Carcinoma,Uterus
ACH-000898,1,5.783718558,SNU719,Esophagogastric Adenocarcinoma,Esophagus/Stomach
ACH-000537,1,5.038699551,SNU761,Hepatocellular Carcinoma,Liver
ACH-000991,0.87865967,6.453517579,SNU81,Colorectal Adenocarcinoma,Bowel
ACH-000280,0.9282329,6.031439309,SNU840,Ovarian Epithelial Tumor,Ovary/Fallopian Tube
ACH-000182,0.8760214,5.9375798,SNU869,Ampullary Carcinoma,Ampulla of Vater
ACH-000316,0.9648238,4.241077458,SNU886,Hepatocellular Carcinoma,Liver
ACH-000967,0.9550625,7.471106152,SNUC2A,Colorectal Adenocarcinoma,Bowel
ACH-000959,0.9172384,6.496174702,SNUC4,Colorectal Adenocarcinoma,Bowel
ACH-000553,0.95709306,5.765004246,SQ1,Non-Small Cell Lung Cancer,Lung
ACH-000652,0.9926906,5.465648026,SUIT2,Pancreatic Adenocarcinoma,Pancreas
ACH-000437,0.8406834,3.770829046,SW1088,Diffuse Glioma,CNS/Brain
ACH-000418,1,4.92552477,SW1353,Chondrosarcoma,Bone
ACH-000677,0.9089479,5.490249211,SW1573,Non-Small Cell Lung Cancer,Lung
ACH-000566,1,5.339850003,SW1710,Bladder Urothelial Carcinoma,Bladder/Urinary Tract
ACH-000155,1,4.458775699,SW1990,Pancreatic Adenocarcinoma,Pancreas
ACH-000842,0.99007034,3.615887074,SW480,Colorectal Adenocarcinoma,Bowel
ACH-000163,0.90710413,3.626439137,SW579,Head and Neck Squamous Cell Carcinoma,Head and Neck
ACH-000651,0.9167332,4.199279721,SW620,Colorectal Adenocarcinoma,Bowel
ACH-000384,0.7915048,6.410578549,SW780,Bladder Urothelial Carcinoma,Bladder/Urinary Tract
ACH-000421,0.9721693,6.03848008,SW837,Colorectal Adenocarcinoma,Bowel
ACH-000669,0.93187404,4.839959587,SW900,Non-Small Cell Lung Cancer,Lung
ACH-000680,0.8910924,5.973152038,SW948,Colorectal Adenocarcinoma,Bowel
ACH-000018,1,5.335569006,T24,Bladder Urothelial Carcinoma,Bladder/Urinary Tract
ACH-000813,0.9516769,5.130107179,T3M10,Non-Small Cell Lung Cancer,Lung
ACH-000147,0.92838806,6.330379128,T47D,Invasive Breast Carcinoma,Breast
ACH-000571,0.99921757,4.930737338,T98G,Diffuse Glioma,CNS/Brain
ACH-000502,0.90402496,4.63284983,TCCPAN2,Pancreatic Adenocarcinoma,Pancreas
ACH-000720,0.909528,4.074676686,TCCSUP,Bladder Urothelial Carcinoma,Bladder/Urinary Tract
ACH-000647,0.9414145,5.463687842,TE1,Esophageal Squamous Cell Carcinoma,Esophagus/Stomach
ACH-000318,0.9468505,4.099295204,TE10,Esophageal Squamous Cell Carcinoma,Esophagus/Stomach
ACH-000488,0.91960055,4.207111961,TE11,Esophageal Squamous Cell Carcinoma,Esophagus/Stomach
ACH-000726,0.73511267,4.687060688,TE14,Esophageal Squamous Cell Carcinoma,Esophagus/Stomach
ACH-000917,0.45547777,10.99887245,TE4,Esophageal Squamous Cell Carcinoma,Esophagus/Stomach
ACH-000408,0.87711024,5.634883637,TE5,Esophageal Squamous Cell Carcinoma,Esophagus/Stomach
ACH-000605,0.91586936,6.737686761,TE6,Esophageal Squamous Cell Carcinoma,Esophagus/Stomach
ACH-000452,0.9585143,5.329482431,TE8,Esophageal Squamous Cell Carcinoma,Esophagus/Stomach
ACH-000694,0.81890297,6.561020578,TE9,Esophageal Squamous Cell Carcinoma,Esophagus/Stomach
ACH-000397,0.8646766,7.602290585,TEN,Endometrial Carcinoma,Uterus
ACH-000592,1,5.301587647,TM31,Diffuse Glioma,CNS/Brain
ACH-000172,0.86843514,5.678916987,TM87,Embryonal Tumor,CNS/Brain
ACH-000048,0.8157336,5.534186139,TOV112D,Ovarian Epithelial Tumor,Ovary/Fallopian Tube
ACH-000885,0.8821354,5.174326515,TOV21G,Ovarian Epithelial Tumor,Ovary/Fallopian Tube
ACH-000561,0.887791,5.733354341,TDOTT,Esophageal Squamous Cell Carcinoma,Esophagus/Stomach
ACH-001321,0.9857619,3.684818738,TT,Medullary Thyroid Cancer,Thyroid
ACH-000716,0.98435766,5.196921734,TT2609C02,Well-Differentiated Thyroid Cancer,Thyroid
ACH-000495,0.9576805,4.819157224,TUHR4TKB,Renal Cell Carcinoma,Kidney
ACH-000040,1,4.604071324,U118MG,Diffuse Glioma,CNS/Brain
ACH-000232,0.9582382,4.01346226,U251MG,Diffuse Glioma,CNS/Brain
ACH-000364,0.9815345,5.434628228,U2OS,Osteosarcoma,Bone
ACH-000579,0.9492692,4.186659017,UACC257,Melanoma,Skin
ACH-000425,0.9230483,4.295723025,UACC62,Melanoma,Skin
ACH-000741,0.8777867,4.220329955,UBLC1,Bladder Urothelial Carcinoma,Bladder/Urinary Tract
ACH-000834,1,5.520107902,UMUC1,Bladder Urothelial Carcinoma,Bladder/Urinary Tract
ACH-000428,1,4.701549057,UO31,Renal Cell Carcinoma,Kidney
ACH-000545,0.8977268,5.300123725,VMCUB1,Bladder Urothelial Carcinoma,Bladder/Urinary Tract
ACH-000484,0.94221497,4.171527106,VMRCRCW,Renal Cell Carcinoma,Kidney
ACH-000171,1,4.582556003,VMRCRCZ,Renal Cell Carcinoma,Kidney
ACH-000661,0.93882585,5.368069877,WM1799,Melanoma,Skin
ACH-001239,0.9972937,4.803743669,WM2664,Melanoma,Skin
ACH-000827,0.9628119,4.508428653,WM793,Melanoma,Skin
ACH-000899,1,4.438292852,WM88,Melanoma,Skin
ACH-000765,0.9967387,5.778997006,WM983B,Melanoma,Skin
ACH-000332,0.90464115,5.832130501,YAPC,Pancreatic Adenocarcinoma,Pancreas
ACH-000723,0.95060885,4.492494152,YD10B,Head and Neck Squamous Cell Carcinoma,Head and Neck
ACH-000836,0.9051058,4.487357715,YD15,Head and Neck Squamous Cell Carcinoma,Head and Neck
ACH-000762,0.99009407,3.66106548,YD38,Head and Neck Squamous Cell Carcinoma,Head and Neck
ACH-000630,1,5.682292371,YD8,Head and Neck Squamous Cell Carcinoma,Head and Neck
ACH-000469,0.89413583,5.027242536,YH13,Diffuse Glioma,CNS/Brain
ACH-000570,0.99826366,3.690417096,YKG1,Diffuse Glioma,CNS/Brain
ACH-000097,0.9194753,6.752882366,ZR751,Invasive Breast Carcinoma,Breast
